﻿<?xml version="1.0" encoding="utf-8"?>
<DisplayDriverUninstaller Version="18.0.6.2">
	<LogEntries>
		<Event>
			<Time>4/27/2023 8:28:08 PM</Time>
			<Message>The following paths are detected.</Message>
			<Values Separator=" = ">
				<KvP>
					<Key>[Found] AppExeFile</Key>
					<Value>C:\Users\zosh\Desktop\Zosh Tweaking Pack 1.0\8. GPU Tweaks\NVIDIA\1. ddu\Display Driver Uninstaller.exe</Value>
				</KvP>
				<KvP>
					<Key>[Found] AppBase</Key>
					<Value>C:\Users\zosh\Desktop\Zosh Tweaking Pack 1.0\8. GPU Tweaks\NVIDIA\1. ddu\</Value>
				</KvP>
				<KvP>
					<Key>[Found] Settings</Key>
					<Value>C:\Users\zosh\Desktop\Zosh Tweaking Pack 1.0\8. GPU Tweaks\NVIDIA\1. ddu\Settings\</Value>
				</KvP>
				<KvP>
					<Key>[Found] Logs</Key>
					<Value>C:\Users\zosh\Desktop\Zosh Tweaking Pack 1.0\8. GPU Tweaks\NVIDIA\1. ddu\DDU Logs\</Value>
				</KvP>
				<KvP>
					<Key>[Found] Language</Key>
					<Value>C:\Users\zosh\Desktop\Zosh Tweaking Pack 1.0\8. GPU Tweaks\NVIDIA\1. ddu\Settings\Languages\</Value>
				</KvP>
				<KvP />
				<KvP>
					<Key>[Found] ProgramFiles</Key>
					<Value>C:\Program Files\</Value>
				</KvP>
				<KvP>
					<Key>[Found] ProgramFilesx86</Key>
					<Value>C:\Program Files (x86)\</Value>
				</KvP>
				<KvP />
				<KvP>
					<Key>[Found] Roaming</Key>
					<Value>C:\ProgramData\</Value>
				</KvP>
				<KvP>
					<Key>[Not found] AppBaseRoaming</Key>
					<Value>C:\ProgramData\DisplayDriverUninstaller\</Value>
				</KvP>
				<KvP />
				<KvP>
					<Key>[Found] SystemDrive</Key>
					<Value>C:\</Value>
				</KvP>
				<KvP>
					<Key>[Found] WinDir</Key>
					<Value>C:\Windows\</Value>
				</KvP>
				<KvP>
					<Key>[Found] UserPath</Key>
					<Value>C:\Users\</Value>
				</KvP>
				<KvP>
					<Key>[Found] System32</Key>
					<Value>C:\Windows\system32\</Value>
				</KvP>
				<KvP>
					<Key>[Found] SysWOW64</Key>
					<Value>C:\Windows\SysWOW64\</Value>
				</KvP>
			</Values>
		</Event>
		<Event>
			<Time>4/27/2023 8:28:14 PM</Time>
			<Message>System Information</Message>
			<Values Separator=" : ">
				<KvP>
					<Key>DDU Version</Key>
					<Value>18.0.6.2</Value>
				</KvP>
				<KvP>
					<Key>OS</Key>
					<Value>Windows 10</Value>
				</KvP>
				<KvP>
					<Key>Win 10 1809+ ?</Key>
					<Value>True</Value>
				</KvP>
				<KvP>
					<Key>Architecture</Key>
					<Value>x64</Value>
				</KvP>
				<KvP>
					<Key>UserRights</Key>
					<Value>Admin</Value>
				</KvP>
				<KvP>
					<Key>Arguments</Key>
					<Value>&lt;empty&gt;</Value>
				</KvP>
				<KvP />
				<KvP>
					<Key>GPU #0000</Key>
					<Value>NVIDIA GeForce GTX 1650</Value>
				</KvP>
				<KvP>
					<Key>GPU DeviceID</Key>
					<Value>pci\ven_10de&amp;dev_1f82&amp;subsys_a548174b</Value>
				</KvP>
				<KvP>
					<Key>Vbios</Key>
					<Value>Version90 17.3d.00.46</Value>
				</KvP>
				<KvP>
					<Key>Detected Driver(s) Version(s)</Key>
					<Value>27.21.14.6677</Value>
				</KvP>
				<KvP>
					<Key>INF name</Key>
					<Value>oem22.inf</Value>
				</KvP>
				<KvP>
					<Key>INF section</Key>
					<Value>Section064</Value>
				</KvP>
				<KvP />
			</Values>
		</Event>
		<Warning>
			<Time>4/27/2023 8:28:14 PM</Time>
			<Message>We are not in Safe Mode</Message>
		</Warning>
		<Event>
			<Time>4/27/2023 8:28:14 PM</Time>
			<Message>The following third-party driver packages are installed on this computer</Message>
			<Values Separator=" = ">
				<KvP>
					<Value>C:\Windows\inf\oem0.inf</Value>
				</KvP>
				<KvP>
					<Key>Provider</Key>
					<Value>Apple</Value>
				</KvP>
				<KvP>
					<Key>Class</Key>
					<Value>Net</Value>
				</KvP>
				<KvP />
				<KvP>
					<Value>C:\Windows\inf\oem1.inf</Value>
				</KvP>
				<KvP>
					<Key>Provider</Key>
					<Value>Apple, Inc.</Value>
				</KvP>
				<KvP>
					<Key>Class</Key>
					<Value>USBDevice</Value>
				</KvP>
				<KvP />
				<KvP>
					<Value>C:\Windows\inf\oem10.inf</Value>
				</KvP>
				<KvP>
					<Key>Provider</Key>
					<Value>Killer</Value>
				</KvP>
				<KvP>
					<Key>Class</Key>
					<Value>Net</Value>
				</KvP>
				<KvP />
				<KvP>
					<Value>C:\Windows\inf\oem11.inf</Value>
				</KvP>
				<KvP>
					<Key>Provider</Key>
					<Value>Killer</Value>
				</KvP>
				<KvP>
					<Key>Class</Key>
					<Value>Net</Value>
				</KvP>
				<KvP />
				<KvP>
					<Value>C:\Windows\inf\oem12.inf</Value>
				</KvP>
				<KvP>
					<Key>Provider</Key>
					<Value>Marvell</Value>
				</KvP>
				<KvP>
					<Key>Class</Key>
					<Value>Net</Value>
				</KvP>
				<KvP />
				<KvP>
					<Value>C:\Windows\inf\oem13.inf</Value>
				</KvP>
				<KvP>
					<Key>Provider</Key>
					<Value>MediaTek, Inc.</Value>
				</KvP>
				<KvP>
					<Key>Class</Key>
					<Value>Net</Value>
				</KvP>
				<KvP />
				<KvP>
					<Value>C:\Windows\inf\oem14.inf</Value>
				</KvP>
				<KvP>
					<Key>Provider</Key>
					<Value>Realtek</Value>
				</KvP>
				<KvP>
					<Key>Class</Key>
					<Value>Net</Value>
				</KvP>
				<KvP />
				<KvP>
					<Value>C:\Windows\inf\oem15.inf</Value>
				</KvP>
				<KvP>
					<Key>Provider</Key>
					<Value>Realtek</Value>
				</KvP>
				<KvP>
					<Key>Class</Key>
					<Value>Net</Value>
				</KvP>
				<KvP />
				<KvP>
					<Value>C:\Windows\inf\oem17.inf</Value>
				</KvP>
				<KvP>
					<Key>Provider</Key>
					<Value>Realtek Semiconductor Corp.</Value>
				</KvP>
				<KvP>
					<Key>Class</Key>
					<Value>Net</Value>
				</KvP>
				<KvP />
				<KvP>
					<Value>C:\Windows\inf\oem18.inf</Value>
				</KvP>
				<KvP>
					<Key>Provider</Key>
					<Value>Rivet Networks</Value>
				</KvP>
				<KvP>
					<Key>Class</Key>
					<Value>Net</Value>
				</KvP>
				<KvP />
				<KvP>
					<Value>C:\Windows\inf\oem19.inf</Value>
				</KvP>
				<KvP>
					<Key>Provider</Key>
					<Value>Samsung Electronics Co., Ltd</Value>
				</KvP>
				<KvP>
					<Key>Class</Key>
					<Value>SCSIAdapter</Value>
				</KvP>
				<KvP />
				<KvP>
					<Value>C:\Windows\inf\oem2.inf</Value>
				</KvP>
				<KvP>
					<Key>Provider</Key>
					<Value>Intel</Value>
				</KvP>
				<KvP>
					<Key>Class</Key>
					<Value>Net</Value>
				</KvP>
				<KvP />
				<KvP>
					<Value>C:\Windows\inf\oem20.inf</Value>
				</KvP>
				<KvP>
					<Key>Provider</Key>
					<Value>Xbox</Value>
				</KvP>
				<KvP>
					<Key>Class</Key>
					<Value>Net</Value>
				</KvP>
				<KvP />
				<KvP>
					<Value>C:\Windows\inf\oem21.inf</Value>
				</KvP>
				<KvP>
					<Key>Provider</Key>
					<Value>Xbox</Value>
				</KvP>
				<KvP>
					<Key>Class</Key>
					<Value>Net</Value>
				</KvP>
				<KvP />
				<KvP>
					<Value>C:\Windows\inf\oem22.inf</Value>
				</KvP>
				<KvP>
					<Key>Provider</Key>
					<Value>NVIDIA</Value>
				</KvP>
				<KvP>
					<Key>Class</Key>
					<Value>Display</Value>
				</KvP>
				<KvP />
				<KvP>
					<Value>C:\Windows\inf\oem23.inf</Value>
				</KvP>
				<KvP>
					<Key>Provider</Key>
					<Value>Realtek Semiconductor Corp.</Value>
				</KvP>
				<KvP>
					<Key>Class</Key>
					<Value>MEDIA</Value>
				</KvP>
				<KvP />
				<KvP>
					<Value>C:\Windows\inf\oem3.inf</Value>
				</KvP>
				<KvP>
					<Key>Provider</Key>
					<Value>Intel</Value>
				</KvP>
				<KvP>
					<Key>Class</Key>
					<Value>Net</Value>
				</KvP>
				<KvP />
				<KvP>
					<Value>C:\Windows\inf\oem4.inf</Value>
				</KvP>
				<KvP>
					<Key>Provider</Key>
					<Value>Intel</Value>
				</KvP>
				<KvP>
					<Key>Class</Key>
					<Value>Net</Value>
				</KvP>
				<KvP />
				<KvP>
					<Value>C:\Windows\inf\oem5.inf</Value>
				</KvP>
				<KvP>
					<Key>Provider</Key>
					<Value>Intel</Value>
				</KvP>
				<KvP>
					<Key>Class</Key>
					<Value>SCSIAdapter</Value>
				</KvP>
				<KvP />
				<KvP>
					<Value>C:\Windows\inf\oem6.inf</Value>
				</KvP>
				<KvP>
					<Key>Provider</Key>
					<Value>Intel</Value>
				</KvP>
				<KvP>
					<Key>Class</Key>
					<Value>net</Value>
				</KvP>
				<KvP />
				<KvP>
					<Value>C:\Windows\inf\oem7.inf</Value>
				</KvP>
				<KvP>
					<Key>Provider</Key>
					<Value>Intel</Value>
				</KvP>
				<KvP>
					<Key>Class</Key>
					<Value>net</Value>
				</KvP>
				<KvP />
				<KvP>
					<Value>C:\Windows\inf\oem8.inf</Value>
				</KvP>
				<KvP>
					<Key>Provider</Key>
					<Value>Intel</Value>
				</KvP>
				<KvP>
					<Key>Class</Key>
					<Value>net</Value>
				</KvP>
				<KvP />
				<KvP>
					<Value>C:\Windows\inf\oem9.inf</Value>
				</KvP>
				<KvP>
					<Key>Provider</Key>
					<Value>Intel</Value>
				</KvP>
				<KvP>
					<Key>Class</Key>
					<Value>net</Value>
				</KvP>
				<KvP />
			</Values>
		</Event>
		<Event>
			<Time>4/27/2023 8:28:16 PM</Time>
			<Message>Trying to impersonate the SYSTEM account... SUCCESS !</Message>
			<Values Separator=" : ">
				<KvP>
					<Key>Number of process to check</Key>
					<Value>87</Value>
				</KvP>
				<KvP>
					<Key>ApplicationFrameHost</Key>
					<Value>Skipping : S-1-5-21-2881776918-4140555333-610044739-1001</Value>
				</KvP>
				<KvP>
					<Key>RuntimeBroker</Key>
					<Value>Skipping : S-1-5-21-2881776918-4140555333-610044739-1001</Value>
				</KvP>
				<KvP>
					<Key>chrome</Key>
					<Value>Skipping : S-1-5-21-2881776918-4140555333-610044739-1001</Value>
				</KvP>
				<KvP>
					<Key>svchost</Key>
					<Value>Access is denied</Value>
				</KvP>
				<KvP>
					<Key>chrome</Key>
					<Value>Skipping : S-1-5-21-2881776918-4140555333-610044739-1001</Value>
				</KvP>
				<KvP>
					<Key>Spotify</Key>
					<Value>Skipping : S-1-5-21-2881776918-4140555333-610044739-1001</Value>
				</KvP>
				<KvP>
					<Key>chrome</Key>
					<Value>Skipping : S-1-5-21-2881776918-4140555333-610044739-1001</Value>
				</KvP>
				<KvP>
					<Key>Spotify</Key>
					<Value>Skipping : S-1-5-21-2881776918-4140555333-610044739-1001</Value>
				</KvP>
				<KvP>
					<Key>chrome</Key>
					<Value>Skipping : S-1-5-21-2881776918-4140555333-610044739-1001</Value>
				</KvP>
				<KvP>
					<Key>explorer</Key>
					<Value>Skipping : S-1-5-21-2881776918-4140555333-610044739-1001</Value>
				</KvP>
				<KvP>
					<Key>chrome</Key>
					<Value>Skipping : S-1-5-21-2881776918-4140555333-610044739-1001</Value>
				</KvP>
				<KvP>
					<Key>chrome</Key>
					<Value>Skipping : S-1-5-21-2881776918-4140555333-610044739-1001</Value>
				</KvP>
				<KvP>
					<Key>explorer</Key>
					<Value>Skipping : S-1-5-21-2881776918-4140555333-610044739-1001</Value>
				</KvP>
				<KvP>
					<Key>chrome</Key>
					<Value>Skipping : S-1-5-21-2881776918-4140555333-610044739-1001</Value>
				</KvP>
				<KvP>
					<Key>svchost</Key>
					<Value>Skipping : S-1-5-21-2881776918-4140555333-610044739-1001</Value>
				</KvP>
				<KvP>
					<Key>chrome</Key>
					<Value>Skipping : S-1-5-21-2881776918-4140555333-610044739-1001</Value>
				</KvP>
				<KvP>
					<Key>Registry</Key>
					<Value>Access is denied</Value>
				</KvP>
				<KvP>
					<Key>csrss</Key>
					<Value>Access is denied</Value>
				</KvP>
				<KvP>
					<Key>chrome</Key>
					<Value>Skipping : S-1-5-21-2881776918-4140555333-610044739-1001</Value>
				</KvP>
				<KvP>
					<Key>lsass</Key>
					<Value>S-1-5-18</Value>
				</KvP>
				<KvP>
					<Key>lsass</Key>
					<Value>SYSTEM account impersonalisation SUCCESS</Value>
				</KvP>
			</Values>
		</Event>
		<Event>
			<Time>4/27/2023 8:28:16 PM</Time>
			<Message>Reverting the Impersonalisation is successful !</Message>
		</Event>
		<Event>
			<Time>4/27/2023 8:30:29 PM</Time>
			<Message>&gt;&gt; Successfully saved log to file!</Message>
		</Event>
	</LogEntries>
</DisplayDriverUninstaller>